{
  "general": {
    "non_hallucinated": {
      "n": 3692,
      "mean_H": 0.21873157442875774,
      "median_H": 0.2259783336435564,
      "std_H": 0.0342773698139638,
      "mean_Theta": 1.0,
      "mean_support": 0.10167758322441293
    },
    "hallucinated": {
      "n": 815,
      "mean_H": 2.128904990151081,
      "median_H": 2.107353259406243,
      "std_H": 0.08865912151103703,
      "mean_Theta": 0.5,
      "mean_support": 0.12334690582717811
    }
  },
  "qa": {
    "truthful": {
      "n": 10000,
      "mean_H": 0.2539757847158979,
      "median_H": 0.2679491924311224,
      "std_H": 0.029411416432994452,
      "mean_Theta": 1.0,
      "mean_support": 0.9364
    },
    "hallucinated": {
      "n": 10000,
      "mean_H": 2.2188958532976306,
      "median_H": 2.160783867988256,
      "std_H": 0.34368473201670185,
      "mean_Theta": 0.5,
      "mean_support": 0.6522431174166091
    }
  },
  "summarization": {
    "truthful": {
      "n": 10000,
      "mean_H": 0.007699789400191663,
      "median_H": 0.0042821535227929525,
      "std_H": 0.009965581101558534,
      "mean_Theta": 1.0,
      "mean_support": 0.8596697399862984
    },
    "hallucinated": {
      "n": 10000,
      "mean_H": 2.7827064783903563,
      "median_H": 2.792159532078313,
      "std_H": 0.09983661043045668,
      "mean_Theta": 0.5,
      "mean_support": 0.7691192514345575
    }
  },
  "method_note": "Observed benchmark data analyzed with a proxy phase encoding. The phase variables are engineered observables derived from lexical support and truth labels, not directly observed quantities.",
  "encoding_note": "Ideal coherence is represented by equilateral phases (0, 2\u03c0/3, 4\u03c0/3). Lack of alignment and reduced truth score perturb this configuration.",
  "tests": {
    "general_hallucinated_vs_non_hallucinated_H": {
      "mean_diff": 1.9101734157223234,
      "cohen_d": 28.419382253729733,
      "mannwhitney_p": 0.0
    },
    "qa_hallucinated_vs_truthful_H": {
      "mean_diff": 1.9649200685817327,
      "cohen_d": 8.055920846884328,
      "mannwhitney_p": 0.0
    },
    "summarization_hallucinated_vs_truthful_H": {
      "mean_diff": 2.775006688990165,
      "cohen_d": 39.114366210135046,
      "mannwhitney_p": 0.0
    }
  }
}