{
  "baseline_v61_style": {
    "R_H": 0.14979687442290743,
    "T_glob": 2.527851060700192,
    "Lambda_glob": 0.32473114011594395,
    "closure_penalty": 5.53177442026877,
    "V_rel_total": 6.060748953796707,
    "radial_spread": 0.19080922421000923,
    "mean_spin": 0.07170535605228932,
    "spectral_radius_A": 1.693522245337255,
    "spectral_gap_A": 0.7869661150984179,
    "fiedler_L": 0.1540831740455622,
    "zeta_enabled": true,
    "zeta_tetra_defect": 1.3250398017384183e-31,
    "zeta_effective_tau": 0.3645,
    "zeta_effective_phase": 3.3306690738754706e-16,
    "zeta_coupling_norm": 0.00462789737912551,
    "zeta_coupling_norm_raw": 0.5812615648951436,
    "zeta_spin": 0.0,
    "zeta_rho": 0.45
  },
  "v62_relational": {
    "R_H": 0.07749620149459664,
    "T_glob": 2.583931442421303,
    "Lambda_glob": 0.09681193214945014,
    "closure_penalty": 6.1881513373118215,
    "V_rel_total": 6.653237255169613,
    "radial_spread": 0.19776942558696667,
    "mean_spin": 0.18268201355714733,
    "spectral_radius_A": 1.5771239783696331,
    "spectral_gap_A": 0.7466501306948123,
    "fiedler_L": 0.16094979279928037,
    "zeta_enabled": true,
    "zeta_tetra_defect": 1.932092920209275e-30,
    "zeta_effective_tau": 0.3645,
    "zeta_effective_phase": 0.004766296687871456,
    "zeta_coupling_norm": 0.0034717215553336797,
    "zeta_coupling_norm_raw": 0.434918204324279,
    "zeta_spin": 0.18268201355714733,
    "zeta_rho": 0.45301417634117713
  }
}