{
  "v62_relational": {
    "R_H": 0.07749620149459664,
    "T_glob": 2.583931442421303,
    "Lambda_glob": 0.09681193214945014,
    "closure_penalty": 6.1881513373118215,
    "V_rel_total": 6.653237255169613,
    "radial_spread": 0.19776942558696667,
    "mean_spin": 0.18268201355714733,
    "spectral_radius_A": 1.5771239783696347,
    "spectral_gap_A": 0.7466501306948149,
    "fiedler_L": 0.1609497927992806,
    "zeta_enabled": true,
    "zeta_tetra_defect": 8.96712982106697e-31,
    "zeta_effective_tau": 0.3645,
    "zeta_effective_phase": 0.004766296687872463,
    "zeta_coupling_norm": 0.0034717215553336793,
    "zeta_coupling_norm_raw": 0.434918204324279,
    "zeta_spin": 0.18268201355714733,
    "zeta_rho": 0.45301417634117713,
    "D_f": 2.57,
    "euler_leak_angle": 0.8953539062730907
  },
  "v63_euler_df257": {
    "R_H": 0.07746348859195255,
    "T_glob": 2.583958108543726,
    "Lambda_glob": 0.09681519663524234,
    "closure_penalty": 6.188132507053377,
    "V_rel_total": 6.653189711926888,
    "radial_spread": 0.1977613513010144,
    "mean_spin": 0.1827044063715069,
    "spectral_radius_A": 1.5771340474301732,
    "spectral_gap_A": 0.746659326181236,
    "fiedler_L": 0.1609534687328242,
    "zeta_enabled": true,
    "zeta_tetra_defect": 4.468157470978387e-32,
    "zeta_effective_tau": 0.3645,
    "zeta_effective_phase": 0.004766952652340255,
    "zeta_coupling_norm": 0.0034717593902690866,
    "zeta_coupling_norm_raw": 0.43492296274099485,
    "zeta_spin": 0.1827044063715069,
    "zeta_rho": 0.45301459117716675,
    "D_f": 2.57,
    "euler_leak_angle": 0.8953539062730907
  }
}