{
  "coherence_index": 0.9225365114080475,
  "topological_charge_global": 0.09681519663524234,
  "phase_lock_error": 6.188132507053377,
  "beat_frequency_target_hz": 7.83,
  "spectral_radius_A": 1.5771340474301732,
  "fiedler_L": 0.1609534687328242,
  "zeta_enabled": true,
  "timestamp": "2026-03-24T01:49:04.652044+00:00"
}