{
  "v3": {
    "final_R_H": 0.278533187085308,
    "final_T": 3.9223522394429846,
    "final_Lambda": 0.8330590235125922,
    "final_closure_penalty": 7.236776348421133
  },
  "v4": {
    "final_R_H": 0.18822336627793954,
    "final_T": 2.948104952769169,
    "final_Lambda": 0.17060502516871484,
    "final_closure_penalty": 5.837493074435606
  }
}