{
  "no_zeta_final": {
    "R_H": 0.1741950704424543,
    "T_glob": 2.517630927074842,
    "Lambda_glob": 0.16515625042112222,
    "closure_penalty": 5.475675196133482,
    "spectral_radius_A": 1.7167295085675216,
    "spectral_gap_A": 0.7924822217348727,
    "fiedler_L": 0.17065080143591746,
    "zeta_enabled": false
  },
  "with_zeta_final": {
    "R_H": 0.3978842644161873,
    "T_glob": 3.3320445209035037,
    "Lambda_glob": 0.24377926379957898,
    "closure_penalty": 5.6537513583168755,
    "spectral_radius_A": 1.7126565887245213,
    "spectral_gap_A": 0.7850508396097898,
    "fiedler_L": 0.1576161465740036,
    "zeta_enabled": true,
    "zeta_tetra_defect": 2.6500796034768365e-31,
    "zeta_effective_tau": 0.3645,
    "zeta_effective_phase": 3.3306690738754706e-16,
    "zeta_coupling_norm": 0.5782148603826129
  }
}
