{
  "dt": 0.0225095010789496,
  "tau_eta": 0.008504369175124244,
  "tau_reg": 0.0023754828494724567,
  "sigma": 0.20992708860770198,
  "beta": 0.8858849039288708,
  "gamma": 0.3383621712598693,
  "I0": 0.008114359738066937,
  "mesh_boost": 0.9902072303068182,
  "tension_weight": 0.24841695319131418,
  "closure_weight": 0.08945494489662148
}