{
  "v2": {
    "initial_R_H": 0.00306449723557906,
    "final_R_H": 1.2485109808496795,
    "initial_T": 10.305838561433347,
    "final_T": 10.192459128868869,
    "initial_Lambda": -0.03884180112694195,
    "final_Lambda": 0.008769517353838657
  },
  "v3": {
    "initial_R_H": 0.00306449723557906,
    "final_R_H": 0.278533187085308,
    "initial_T": 4.181934686690403,
    "final_T": 3.9223522394429846,
    "initial_Lambda": 0.8333531003538012,
    "final_Lambda": 0.8330590235125922,
    "initial_closure_penalty": 7.197594505661402,
    "final_closure_penalty": 7.236776348421133
  }
}