{
  "engine": "Euler-Berry-Poincare-421-AijTau-global-v4-tauadaptive",
  "steps": 20,
  "dt": 0.025,
  "tau_eta": 0.01,
  "tau_reg": 0.0,
  "initial": {
    "R_H": 0.00306449723557906,
    "T_glob": 4.181934686690403,
    "Lambda_glob": 0.8333531003538012,
    "closure_penalty": 7.197594505661402,
    "closure_residuals": {
      "constraints": 0.4562923719584468,
      "fields": 1.0574526061515939,
      "runtime": 1.4591137320946934,
      "memory": 1.6771903307712888,
      "bridge": 0.6606654225471608,
      "vocabulary": 0.7019449218619007
    },
    "Delta_H": {
      "real": 6.069999946811677e-05,
      "imag": -0.0553578680143042
    },
    "vorticity": {
      "constraints": 0.07617590263972615,
      "fields": -0.119582443201957,
      "runtime": 0.5415357795611198,
      "memory": 0.043569018646078594,
      "bridge": 0.17304011602062694,
      "vocabulary": 0.11941191189758915
    },
    "masses": {
      "constraints": 1.4203353752730177,
      "fields": 1.4478091048658708,
      "runtime": 0.9366339074864989,
      "memory": 2.704754105670043,
      "bridge": 0.8207484472218934,
      "vocabulary": 1.8115309101650399
    },
    "theta": {
      "constraints": 0.55,
      "fields": 0.75,
      "runtime": 1.55,
      "memory": 1.05,
      "bridge": 1.45,
      "vocabulary": 0.7
    },
    "phases": {
      "constraints": 0.0,
      "fields": 1.047197551197,
      "runtime": 2.094395102393,
      "memory": 3.14159265359,
      "bridge": 4.188790204786,
      "vocabulary": 5.235987755983
    },
    "berry_phase": {
      "constraints": 0.0,
      "fields": 0.0,
      "runtime": 0.0,
      "memory": 0.0,
      "bridge": 0.0,
      "vocabulary": 0.0
    },
    "amplitudes": {
      "constraints": 0.9913,
      "fields": 0.9404,
      "runtime": 0.9474,
      "memory": 0.9448,
      "bridge": 1.0,
      "vocabulary": 0.9126
    },
    "defects": {
      "constraints": 0.02,
      "fields": 0.02,
      "runtime": 0.02,
      "memory": 0.02,
      "bridge": 0.03,
      "vocabulary": 0.02
    },
    "taus": {
      "constraints": 0.263,
      "fields": 0.263,
      "runtime": 0.489,
      "memory": 0.353,
      "bridge": 0.489,
      "vocabulary": 0.263
    }
  },
  "final_after_20_steps": {
    "R_H": 0.18822336627793954,
    "T_glob": 2.948104952769169,
    "Lambda_glob": 0.17060502516871484,
    "closure_penalty": 5.837493074435606,
    "closure_residuals": {
      "constraints": 0.7911204471714514,
      "fields": 1.0824056445357388,
      "runtime": 1.0936330253844568,
      "memory": 1.1580386261476803,
      "bridge": 0.9811402093580055,
      "vocabulary": 0.7350488207591274
    },
    "Delta_H": {
      "real": 0.1282771933064234,
      "imag": -0.41444942750034774
    },
    "vorticity": {
      "constraints": -0.12387777920950782,
      "fields": 0.07664624485384333,
      "runtime": 0.05767094355896303,
      "memory": -0.047667800810523464,
      "bridge": 0.2646925841817569,
      "vocabulary": -0.08437898400373844
    },
    "masses": {
      "constraints": 1.418982872618239,
      "fields": 1.5502068737803691,
      "runtime": 0.6785385253383067,
      "memory": 2.1615273528059222,
      "bridge": 0.8791408377519228,
      "vocabulary": 1.6962906211996387
    },
    "theta": {
      "constraints": 0.5477332041853774,
      "fields": 0.6987393018629958,
      "runtime": 1.5873256749659974,
      "memory": 1.0200683261790318,
      "bridge": 1.4650665179466393,
      "vocabulary": 0.6671045630783544
    },
    "phases": {
      "constraints": 0.0861650986264157,
      "fields": 1.1454276073577567,
      "runtime": 2.4175074306229614,
      "memory": 3.2524920211993846,
      "bridge": 4.5678291690991975,
      "vocabulary": 5.4201737921368185
    },
    "berry_phase": {
      "constraints": 0.00634686616395554,
      "fields": 0.012183981997214958,
      "runtime": 0.161056675781413,
      "memory": 0.027180350019517897,
      "bridge": 0.16906195635082127,
      "vocabulary": 0.020734474923238926
    },
    "amplitudes": {
      "constraints": 0.8314044615163833,
      "fields": 0.7736673126880306,
      "runtime": 0.8990466222477227,
      "memory": 0.825014733331498,
      "bridge": 0.937858933850661,
      "vocabulary": 0.7722021674797318
    },
    "defects": {
      "constraints": 0.09662183187968441,
      "fields": 0.14236180977250287,
      "runtime": 0.12151619253109168,
      "memory": 0.13720253796635148,
      "bridge": 0.16361953081708985,
      "vocabulary": 0.09768780850648773
    },
    "taus": {
      "constraints": 0.12837544246297514,
      "fields": 0.2011104293847146,
      "runtime": 0.3888019179847076,
      "memory": 0.2611054284611575,
      "bridge": 0.15669440282149402,
      "vocabulary": 0.15109968507104277
    }
  },
  "A_initial": {
    "constraints": {
      "constraints": [
        0.0,
        0.0
      ],
      "fields": [
        0.9310999999999999,
        -0.0881248614165157
      ],
      "runtime": [
        0.07670373085930281,
        -0.1115577865128576
      ],
      "memory": [
        0.5132184235260454,
        -0.8594551370637554
      ],
      "bridge": [
        0.08601966004183334,
        -0.9718946744229459
      ],
      "vocabulary": [
        0.7686,
        -0.26259031204699
      ]
    },
    "fields": {
      "constraints": [
        0.9311,
        -0.2803113535444562
      ],
      "fields": [
        0.0,
        0.0
      ],
      "runtime": [
        0.07670373085930281,
        -0.1856470888495933
      ],
      "memory": [
        0.05755505478591965,
        -0.07918961896248872
      ],
      "bridge": [
        0.07670373085930281,
        0.13267040721149093
      ],
      "vocabulary": [
        0.8424,
        -0.5723400529867575
      ]
    },
    "runtime": {
      "constraints": [
        0.0767037308593028,
        -1.05861404944927
      ],
      "fields": [
        0.07670373085930281,
        -0.7431345419166036
      ],
      "runtime": [
        0.0,
        0.0
      ],
      "memory": [
        0.4729666914773252,
        -0.15957881080839603
      ],
      "bridge": [
        0.8916999999999999,
        0.011117934137724663
      ],
      "vocabulary": [
        0.032644460985875756,
        -1.4763779802300636
      ]
    },
    "memory": {
      "constraints": [
        0.5132184235260456,
        -0.0019135606455946699
      ],
      "fields": [
        0.05755505478591966,
        -0.792438025285916
      ],
      "runtime": [
        0.4729666914773253,
        -0.8499449004303354
      ],
      "memory": [
        0.0,
        0.0
      ],
      "bridge": [
        0.5029874534430754,
        -0.1386830401616174
      ],
      "vocabulary": [
        0.45652669456191475,
        -0.08477366466575874
      ]
    },
    "bridge": {
      "constraints": [
        0.08601966004183335,
        -0.10538493516869207
      ],
      "fields": [
        0.0767037308593028,
        -1.4122501625282573
      ],
      "runtime": [
        0.8917000000000002,
        -1.7405011741591343
      ],
      "memory": [
        0.5029874534430753,
        -0.7839765110741204
      ],
      "bridge": [
        0.0,
        0.0
      ],
      "vocabulary": [
        0.06950388531380135,
        -0.16858891945684243
      ]
    },
    "vocabulary": {
      "constraints": [
        0.7686,
        -0.08442724954101034
      ],
      "fields": [
        0.8424,
        -0.09827263199185995
      ],
      "runtime": [
        0.032644460985875756,
        0.13193252818303047
      ],
      "memory": [
        0.4565266945619146,
        -0.7614786444715472
      ],
      "bridge": [
        0.06950388531380136,
        -0.6626996394007116
      ],
      "vocabulary": [
        0.0,
        0.0
      ]
    }
  },
  "A_final": {
    "constraints": {
      "constraints": [
        0.0,
        0.0
      ],
      "fields": [
        0.2575585432783775,
        -0.0853256946673577
      ],