{
  "engine": "orbital_geodynamics_v5_monte_carlo_spectral",
  "samples": 500,
  "steps": 20,
  "seed": 42,
  "summary": {
    "R_H": {
      "mean": 0.22166606514741352,
      "median": 0.21764518196310068,
      "p10": 0.13228698991452778,
      "p90": 0.3150709234241079,
      "min": 0.10524939090262765,
      "max": 0.3783328761173074
    },
    "T_glob": {
      "mean": 4.151838279944672,
      "median": 3.446542106864492,
      "p10": 2.7119676985776673,
      "p90": 7.224106160465179,
      "min": 2.3609022747560644,
      "max": 11.642791160154333
    },
    "Lambda_glob": {
      "mean": 0.277315416541817,
      "median": 0.18237895340533417,
      "p10": 0.1357478089920775,
      "p90": 0.5849098353295932,
      "min": 0.0589370980032852,
      "max": 1.765274763250183
    },
    "closure_penalty": {
      "mean": 5.888895056808896,
      "median": 5.87471376820505,
      "p10": 5.506714565832038,
      "p90": 6.273790005305982,
      "min": 5.15044189719168,
      "max": 6.885173111927615
    },
    "spectral_radius_A": {
      "mean": 2.238414571985052,
      "median": 2.0547792899350132,
      "p10": 1.7869802742061975,
      "p90": 3.042115740939086,
      "min": 1.572446625794759,
      "max": 4.264166761139495
    },
    "spectral_gap_A": {
      "mean": 1.188868631129475,
      "median": 1.0522706595335105,
      "p10": 0.8681794002121724,
      "p90": 1.7539527159722574,
      "min": 0.7208730955677384,
      "max": 2.4812824764347505
    },
    "fiedler_L": {
      "mean": 0.8686164128690511,
      "median": 0.5181030374883069,
      "p10": 0.13238802732856433,
      "p90": 2.4074575657388957,
      "min": 0.0008043581192065956,
      "max": 4.2729289777789266
    }
  },
  "best_run": {
    "trial": 303,
    "params": {
      "dt": 0.0225095010789496,
      "tau_eta": 0.008504369175124244,
      "tau_reg": 0.0023754828494724567,
      "sigma": 0.20992708860770198,
      "beta": 0.8858849039288708,
      "gamma": 0.3383621712598693,
      "I0": 0.008114359738066937,
      "mesh_boost": 0.9902072303068182,
      "tension_weight": 0.24841695319131418,
      "closure_weight": 0.08945494489662148
    },
    "initial": {
      "R_H": 0.00306449723557906,
      "T_glob": 3.1983389460986023,
      "Lambda_glob": 0.9473647216184881,
      "closure_penalty": 6.293344530421669,
      "spectral_radius_A": 1.7389833738203384,
      "spectral_gap_A": 0.7651503651872287,
      "fiedler_L": 0.3012779618461877
    },
    "final": {
      "R_H": 0.1741950704424543,
      "T_glob": 2.517630927074842,
      "Lambda_glob": 0.16515625042112222,
      "closure_penalty": 5.475675196133482,
      "spectral_radius_A": 1.7167295085675216,
      "spectral_gap_A": 0.7924822217348717,
      "fiedler_L": 0.17065080143591707
    },
    "objective": 3.3164656025423693
  },
  "worst_run": {
    "trial": 118,
    "params": {
      "dt": 0.032167021441137936,
      "tau_eta": 0.016899202985068223,
      "tau_reg": 0.0007207549659215784,
      "sigma": 0.37235287240451775,
      "beta": 0.6211511307813957,
      "gamma": 0.12487279951226787,
      "I0": 0.01118464973800965,
      "mesh_boost": 1.1155275034030165,
      "tension_weight": 0.272121465717893,
      "closure_weight": 0.1173399680885843
    },
    "initial": {
      "R_H": 0.00306449723557906,
      "T_glob": 6.140778434372596,
      "Lambda_glob": 0.46888088753034846,
      "closure_penalty": 9.995551181755893,
      "spectral_radius_A": 2.6332762772705167,
      "spectral_gap_A": 1.2398589123766008,
      "fiedler_L": 1.6737554409077882
    },
    "final": {
      "R_H": 0.3351322797976356,
      "T_glob": 11.233729783965234,
      "Lambda_glob": 0.716245287927427,
      "closure_penalty": 6.885173111927615,
      "spectral_radius_A": 4.264166761139495,
      "spectral_gap_A": 2.4045876898195275,
      "fiedler_L": 4.188529254096667
    },
    "objective": 8.218558703369432
  },
  "top_10_runs": [
    {
      "trial": 303,
      "params": {
        "dt": 0.0225095010789496,
        "tau_eta": 0.008504369175124244,
        "tau_reg": 0.0023754828494724567,
        "sigma": 0.20992708860770198,
        "beta": 0.8858849039288708,
        "gamma": 0.3383621712598693,
        "I0": 0.008114359738066937,
        "mesh_boost": 0.9902072303068182,
        "tension_weight": 0.24841695319131418,
        "closure_weight": 0.08945494489662148
      },
      "initial": {
        "R_H": 0.00306449723557906,
        "T_glob": 3.1983389460986023,
        "Lambda_glob": 0.9473647216184881,
        "closure_penalty": 6.293344530421669,
        "spectral_radius_A": 1.7389833738203384,
        "spectral_gap_A": 0.7651503651872287,
        "fiedler_L": 0.3012779618461877
      },
      "final": {
        "R_H": 0.1741950704424543,
        "T_glob": 2.517630927074842,
        "Lambda_glob": 0.16515625042112222,
        "closure_penalty": 5.475675196133482,
        "spectral_radius_A": 1.7167295085675216,
        "spectral_gap_A": 0.7924822217348717,
        "fiedler_L": 0.17065080143591707
      },
      "objective": 3.3164656025423693
    },
    {
      "trial": 49,
      "params": {
        "dt": 0.02174915780350492,
        "tau_eta": 0.007510746153942979,
        "tau_reg": 0.004358359760466366,
        "sigma": 0.20580496398934306,
        "beta": 0.7680647718491912,
        "gamma": 0.2965768901073709,
        "I0": 0.009117266676550549,
        "mesh_boost": 0.9412611828008772,
        "tension_weight": 0.25478242387716965,
        "closure_weight": 0.07276277972811607
      },
      "initial": {
        "R_H": 0.00306449723557906,
        "T_glob": 2.9924789677702837,
        "Lambda_glob": 0.7907385780588372,
        "closure_penalty": 6.190322719030121,
        "spectral_radius_A": 1.6536830190268386,
        "spectral_gap_A": 0.7265680768883658,
        "fiedler_L": 0.2684198016107898
      },
      "final": {
        "R_H": 0.16074102256406766,
        "T_glob": 2.5265378311258404,
        "Lambda_glob": 0.17007870742079784,
        "closure_penalty": 5.543098773344998,
        "spectral_radius_A": 1.655790682146268,
        "spectral_gap_A": 0.8024336937921611,
        "fiedler_L": 0.14911888635185547
      },
      "objective": 3.3300787673135774
    },
    {
      "trial": 403,
      "params": {
        "dt": 0.03142018219918713,
        "tau_eta": 0.01324779433280714,
        "tau_reg": 0.0011782860398115104,
        "sigma": 0.2014388104901163,
        "beta": 0.9272730604015987,
        "gamma": 0.2988193515622218,
        "I0": 0.008763606858517082,
        "mesh_boost": 0.9905674474436477,
        "tension_weight": 0.20476457288989017,
        "closure_weight": 0.12515759347779318
      },
      "initial": {
        "R_H": 0.00306449723557906,
        "T_glob": 3.0966753113203764,
        "Lambda_glob": 0.884910523099534,
        "closure_penalty": 6.087006044630568,
        "spectral_radius_A": 1.73320880491944,
        "spectral_gap_A": 0.7660415296928312,
        "fiedler_L": 0.2632794164653186
      },
      "final": {
        "R_H": 0.28377252317193724,
        "T_glob": 2.4206878148545137,
        "Lambda_glob": 0.12490545550742808,
        "closure_penalty": 5.322699892222488,
        "spectral_radius_A": 1.7344052797992286,
        "spectral_gap_A": 0.8116933519151038,
        "fiedler_L": 0.16707843577480716
      },
      "objective": 3.332080301775579
    },
    {
      "trial": 113,
      "params": {
        "dt": 0.02994587913871528,
        "tau_eta": 0.008943755021278563,
        "tau_reg": 0.003398246567772584,
        "sigma": 0.20122115788073175,
        "beta": 1.0349313532682192,
        "gamma": 0.26724348463795783,
        "I0": 0.009103137375998062,
        "mesh_boost": 0.9354686635378172,
        "tension_weight": 0.28130752202488224,
        "closure_weight": 0.0630657098380906
      },
      "initial": {
        "R_H": 0.00306449723557906,
        "T_glob": 2.921970492047947,
        "Lambda_glob": 0.7925937456100505,
        "closure_penalty": 5.862865878909618,