{
  "global_pass_final": {
    "R_H": 0.07746348859195255,
    "T_glob": 2.583958108543726,
    "Lambda_glob": 0.09681519663524234,
    "closure_penalty": 6.188132507053377,
    "V_rel_total": 6.653189711926888,
    "radial_spread": 0.1977613513010144,
    "mean_spin": 0.1827044063715069,
    "spectral_radius_A": 1.5771340474301732,
    "spectral_gap_A": 0.746659326181236,
    "fiedler_L": 0.1609534687328242,
    "zeta_enabled": true,
    "zeta_tetra_defect": 4.468157470978387e-32,
    "zeta_effective_tau": 0.3645,
    "zeta_effective_phase": 0.004766952652340255,
    "zeta_coupling_norm": 0.0034717593902690866,
    "zeta_coupling_norm_raw": 0.43492296274099485,
    "zeta_spin": 0.1827044063715069,
    "zeta_rho": 0.45301459117716675,
    "D_f": 2.57,
    "euler_leak_angle": 0.8953539062730907
  },
  "state": {
    "coherence_index": 0.9225365114080475,
    "topological_charge_global": 0.09681519663524234,
    "phase_lock_error": 6.188132507053377,
    "beat_frequency_target_hz": 7.83,
    "spectral_radius_A": 1.5771340474301732,
    "fiedler_L": 0.1609534687328242,
    "zeta_enabled": true,
    "timestamp": "2026-03-24T01:49:04.652044+00:00"
  },
  "control": {
    "mode": "safe",
    "phase_lock_enable": true,
    "target_phase_shift": -0.004766952652340255,
    "dt_override": 0.018,
    "zeta_coupling_scale": 0.3,
    "mu_phi": 0.16,
    "epsilon_hom": 0.18,
    "notes": "Low coherence or high closure penalty: use conservative execution."
  },
  "health": {
    "system_health": 0.569884457645801,
    "risk_level": "low",
    "closure_penalty": 6.188132507053377,
    "R_H": 0.07746348859195255,
    "T_glob": 2.583958108543726,
    "Lambda_glob": 0.09681519663524234,
    "recommended_action": "deep diagnostics allowed"
  }
}